product,liquidity_flag,tier,rate_per_unit,effective_from,effective_to
equity,R,1,0.0030,2026-01-01,
equity,R,2,0.0030,2026-01-01,
equity,R,3,0.0030,2026-01-01,
equity,A,1,-0.0032,2026-01-01,
equity,A,2,-0.0025,2026-01-01,
equity,A,3,-0.0020,2026-01-01,
etf,R,1,0.0030,2026-01-01,
etf,R,2,0.0030,2026-01-01,
etf,R,3,0.0030,2026-01-01,
etf,A,1,-0.0032,2026-01-01,
etf,A,2,-0.0025,2026-01-01,
etf,A,3,-0.0020,2026-01-01,
option,R,1,0.50,2026-01-01,
option,R,2,0.50,2026-01-01,
option,R,3,0.50,2026-01-01,
option,A,1,-0.32,2026-01-01,
option,A,2,-0.25,2026-01-01,
option,A,3,-0.20,2026-01-01,
